1,Princeton University,"Princeton University is a private institution that was founded in 1746. It has a total undergraduate enrollment of 5,321 (fall 2021), its setting is suburban, and the campus size is 600 acres. It utilizes a semester-based academic calendar. Princeton University's ranking in the 2022-2023 edition of Best Colleges is National Universities, #1. Its tuition and fees are $57,410.Princeton, among the oldest colleges in the U.S., is located in the quiet town of Princeton, New Jersey. Within the walls of its historic ivy-covered campus, Princeton offers a number of events, activities and organizations. The Princeton Tigers, members of the Ivy League, are well known for their consistently strong men's and women's lacrosse teams. First-year students and sophomores live in one of seven residential colleges that provide a residential community as well as dining services but have the option to join one of more than 10 eating clubs for their junior and senior years. The eating clubs serve as social and dining organizations for the students who join them. Princeton's unofficial motto, ""Princeton in the Nation's Service and the Service of Humanity,"" speaks to the university's commitment to community service.Princeton includes highly ranked graduate programs through the Princeton School of Public and International Affairs and School of Engineering and Applied Science. One unique aspect of Princeton's academic program is that undergraduate students are required to write a senior thesis, or for students in some engineering departments, take on an independent project. Notable alumni include U.S. President Woodrow Wilson, model/actress Brooke Shields and former first lady Michelle Obama. According to Princeton legend, if a student exits campus through FitzRandolph Gate prior to graduation, they may be cursed never to graduate.READ MORE ","Private, Coed",1746,None,Semester,Suburban,(609) 258-3000,http://www.princeton.edu
2,Massachusetts Institute of Technology,"Massachusetts Institute of Technology is a private institution that was founded in 1861. It has a total undergraduate enrollment of 4,638 (fall 2021), its setting is urban, and the campus size is 168 acres. It utilizes a 4-1-4-based academic calendar. Massachusetts Institute of Technology's ranking in the 2022-2023 edition of Best Colleges is National Universities, #2. Its tuition and fees are $57,986.Located outside Boston in Cambridge, Massachusetts, MIT focuses on scientific and technological research and is divided into five schools and a college. University research expenditures have exceeded $700 million a year, with funding from government agencies such as the Department of Health and Human Services and Department of Defense. MIT’s highly ranked graduate schools include the School of Engineering and Sloan School of Management, in addition to strong programs in economics, psychology, biology, chemistry, earth sciences, physics and mathematics. Freshmen are required to live on campus, and about 70% of all undergraduates live on campus. Architect Steven Holl designed one dorm, commonly called ""The Sponge."" The Independent Activities Period, a four-week term in January, offers special courses, lectures, competitions and projects. Distinguished alumni include Apollo 11 astronaut Buzz Aldrin, former U.N. Secretary General Kofi Annan and former Federal Reserve Bank Chairman Ben Bernanke.READ MORE ","Private, Coed",1861,None,4-1-4,Urban,(617) 253-1000,http://web.mit.edu/
3,Harvard University,"Harvard University is a private institution that was founded in 1636. It has a total undergraduate enrollment of 7,153 (fall 2021), its setting is urban, and the campus size is 5,076 acres. It utilizes a semester-based academic calendar. Harvard University's ranking in the 2022-2023 edition of Best Colleges is National Universities, #3. Its tuition and fees are $57,261.Located outside Boston in Cambridge, Massachusetts, Harvard University is made up of 12 graduate and professional schools, an undergraduate college and the Harvard Radcliffe Institute. Its schools include the top-ranked Business School and Medical School and the highly ranked Graduate Education School, School of Engineering and Applied Sciences, Law School and John F. Kennedy School of Government. Harvard is a private, nonprofit institution that was founded in 1636 colonial America by the General Court of the Massachusetts Bay Colony. The school was initially created to educate members of the clergy, according to the university’s archives. Harvard is named after a Puritan minister – John Harvard – who, in 1638, left his 400-book library and half of his estate to the young school. The first commencement ceremony at Harvard, held in 1642, had nine graduates.Harvard's extensive library system houses the oldest collection in the U.S. and the largest academic library in the world. Beyond books, Harvard's athletic teams compete in the Ivy League, with an annual football match-up against rival Yale. On-campus residential housing is an integral part of student life, where freshmen live at the center of campus and upperclassmen live in 12 undergraduate houses. Eight U.S. presidents graduated from Harvard, including Franklin Delano Roosevelt and John F. Kennedy. Other notable alumni include Henry David Thoreau and Helen Keller. Harvard also has the largest endowment of any school in the world.READ MORE ","Private, Coed",1636,None,Semester,Urban,(617) 495-1000,http://www.harvard.edu/
3,Stanford University,"Stanford University is a private institution that was founded in 1885. It has a total undergraduate enrollment of 7,645 (fall 2021), its setting is suburban, and the campus size is 8,180 acres. It utilizes a quarter-based academic calendar. Stanford University's ranking in the 2022-2023 edition of Best Colleges is National Universities, #3. Its tuition and fees are $56,169.Stanford University’s pristine campus is located in California’s Bay Area, about 30 miles from San Francisco. Stanford offers a wide range of student organizations, including the Stanford Pre-Business Association and Stanford Solar Car Project, which designs, builds and races a solar car every two years. The Stanford Cardinal are well known for the traditional ""Big Game"" against Cal, an annual football competition that awards the Stanford Axe — a sought-after trophy — to the victor. Stanford also has successful programs in tennis and golf. Only freshmen are required to live on campus, but students are guaranteed housing for all four years, and most choose to remain on campus. Greek life at Stanford represents approximately 25% of the student body.Four of Stanford University’s seven schools offer undergraduate and graduate coursework, and the remaining three serve as purely graduate schools. Graduate programs include the highly ranked School of Education, School of Engineering, School of Law, School of Medicine and Graduate School of Business. The Stanford Woods Institute for the Environment oversees collaboration between environmental research, teaching and outreach. Stanford has a number of well-known theatrical and musical groups, including the Ram’s Head Theatrical Society and the Mendicants, an all-male a cappella group. Notable Stanford alumni include former U.S. President Herbert Hoover, Hall of Fame NFL quarterback John Elway, actress Sigourney Weaver and golfer Tiger Woods, who played collegiately at Stanford.READ MORE ","Private, Coed",1885,None,Quarter,Suburban,(650) 723-2300,http://www.stanford.edu
3,Yale University,"Yale University is a private institution that was founded in 1701. It has a total undergraduate enrollment of 6,536 (fall 2021), its setting is city, and the campus size is 373 acres. It utilizes a semester-based academic calendar. Yale University's ranking in the 2022-2023 edition of Best Colleges is National Universities, #3. Its tuition and fees are $62,250.Yale University, located in New Haven, Connecticut, is known for its excellent drama and music programs, which reach outside the classroom with student organizations such as the Yale Whiffenpoofs, a famous a cappella group, and the Yale Dramatic Association. The Yale Bulldogs compete in the Ivy League and are well known for their rivalry with Harvard. Students are assigned to live in one of 14 residential colleges during their time at Yale. Each college has a head and dean who live in the college and eat with students in the dining halls. Cultural centers provide a space for students to build a sense of cultural identity on campus.Yale is made up of the College, the Graduate School of Arts and Sciences and 13 professional schools. Included in the professional schools are the top-ranked Law School and highly ranked School of Management, School of Medicine , School of Art and School of Nursing. The School of Drama, School of the Environment, and Divinity School also have well-regarded graduate programs. The Yale Record is the oldest college humor magazine in the nation. Dwight Hall is an independent umbrella organization that fosters student service and activism in the New Haven community and beyond. Yale is well known for its secret societies, the most famous of which are the Skull and Bones Society, which boasts members such as George W. Bush and John Kerry, and the Scroll and Key Society. Distinguished Yale alumni include award-winning actress Meryl Streep, Washington Post investigative journalist and editor Bob Woodward, and actor Edward Norton.READ MORE ","Private, Coed",1701,None,Semester,City,(203) 432-4771,http://www.yale.edu/
6,University of Chicago,"A Message from the University University of Chicago is a private institution that was founded in 1890. It has a total undergraduate enrollment of 7,526 (fall 2021), its setting is urban, and the campus size is 217 acres. It utilizes a quarter-based academic calendar. University of Chicago's ranking in the 2022-2023 edition of Best Colleges is National Universities, #6. Its tuition and fees are $62,940.The University of Chicago, situated in Hyde Park, offers a rich campus life in a big-city setting. In addition to the college, the university has postgraduate offerings that include the highly ranked Booth School of Business, Law School, Pritzker School of Medicine and Harris School of Public Policy. The Chicago Maroons have 18 NCAA Division III teams, which compete in the University Athletic Association, and have strong basketball and wrestling programs.A majority of students live on campus, and freshmen are required to live on campus. On-campus students are placed in ""houses"" within their dorm, which serve as tight-knit communities and provide academic and social support. The university offers more than 450 student organizations. Students can choose from more than 50 majors and 40 minors – such as history or environmental studies – and have visited Greece, China and France during study abroad experiences. The university has 94 Nobel Prize winners in its ranks.The University of Chicago is known for its location as well as its rigorous academic and enrichment programs. Former President Barack Obama taught at the University of Chicago Law School for 12 years.READ MORE Are you interested in University of Chicago?We can connect you with University of Chicago's admissions counselors to share more specific admissions and financial aid package information.Connect MeA Message from the University ","Private, Coed",1890,None,Quarter,Urban,(773) 702-1234,http://www.uchicago.edu
7,Johns Hopkins University,"Johns Hopkins University is a private institution that was founded in 1876. It has a total undergraduate enrollment of 6,132 (fall 2021), its setting is urban, and the campus size is 140 acres. It utilizes a semester-based academic calendar. Johns Hopkins University's ranking in the 2022-2023 edition of Best Colleges is National Universities, #7. Its tuition and fees are $60,480.Johns Hopkins University is divided into nine schools, five of which serve undergraduates. The Homewood Campus, one of the university’s four campuses in and around Baltimore, is the primary campus for undergraduates. Freshmen and sophomores are required to live on campus. More than 1,300 students participate in the Greek community. Hopkins also has additional campuses for its School of Advanced International Studies in Washington, D.C.; Bologna, Italy; and Nanjing, China. Hopkins’ graduate programs include the top-ranked Bloomberg School of Public Health and the highly ranked School of Education, Whiting School of Engineering, School of Medicine and the well-regarded Peabody Institute for music and dance. Johns Hopkins Hospital is a top-ranked hospital with highly ranked specialties. READ MORE ","Private, Coed",1876,None,Semester,Urban,(941) 516-8000,http://www.jhu.edu
7,University of Pennsylvania,"University of Pennsylvania is a private institution that was founded in 1740. It has a total undergraduate enrollment of 9,962 (fall 2021), its setting is urban, and the campus size is 299 acres. It utilizes a semester-based academic calendar. University of Pennsylvania's ranking in the 2022-2023 edition of Best Colleges is National Universities, #7. Its tuition and fees are $63,452.The University of Pennsylvania, located in Philadelphia, was founded by Benjamin Franklin. The Penn Quakers have more than 25 NCAA Division I sports that compete in the Ivy League, and are noted for successful basketball and lacrosse teams. Penn offers housing in more than 10 College Houses, but many students live in the numerous off-campus apartments and houses available. Around 20% of the student body is involved in Greek life, which encompasses nearly 50 fraternities and sororities. The school also offers a number of clubs and organizations, ranging from performance groups like the Latin and Ballroom Dance club to student publications such as the Penn Political Review. Penn works closely with the West Philadelphia area through community service and advocacy groups.Penn has 12 schools: Five offer undergraduate and graduate studies, and seven offer only graduate studies. Penn's highly ranked graduate programs include its Wharton School, School of Education, School of Engineering and Applied Science, Law School and School of Medicine. Penn's other notable graduate programs include its School of Design and School of Dental Medicine. Penn, though secular, has a strong religious life with its Hillel for Jewish students, Penn Newman Catholic Center and InterVarsity Christian Fellowship. More than 2,500 students each year participate in international study programs offered in more than 50 countries around the world. Notable Penn alumni include singer John Legend, poet William Carlos Williams and President Donald Trump.READ MORE ","Private, Coed",1740,None,Semester,Urban,(215) 898-5000,http://www.upenn.edu
9,California Institute of Technology,"California Institute of Technology is a private institution that was founded in 1891. It has a total undergraduate enrollment of 987 (fall 2021), its setting is suburban, and the campus size is 124 acres. It utilizes a quarter-based academic calendar. California Institute of Technology's ranking in the 2022-2023 edition of Best Colleges is National Universities, #9. Its tuition and fees are $60,864.Caltech, which focuses on science and engineering, is located in Pasadena, California, approximately 11 miles northeast of Los Angeles. Social and academic life at Caltech centers on 11 student residences and houses. Student houses incorporate an admired Caltech tradition: dinners served by student waiters. First-year students are guaranteed housing, and most students remain on campus for all four years. The Caltech Beavers have a number of NCAA Division III teams that compete in the Southern California Intercollegiate Athletic Conference. Integral to student life is the Honor Code, which dictates that ""No member of the Caltech community shall take unfair advantage of any other member of the Caltech community.""In addition to its undergraduate studies, Caltech offers top graduate programs in engineering and areas of science including biology, chemistry, computer science, earth sciences, mathematics and physics. Caltech produces a significant amount of research, receiving grants from institutions such as NASA, the National Science Foundation and the Department of Health and Human Services, among others. Close to 90% of undergraduate students participate in research while earning their degree. Caltech maintains a strong tradition of pranking with the Massachusetts Institute of Technology, another top-ranked science and technology university. Companies such as Intel, Compaq and Hotmail were founded by Caltech alumni. Famous film director Frank Capra also graduated from Caltech.READ MORE ","Private, Coed",1891,None,Quarter,Suburban,(626) 395-6811,http://www.caltech.edu
10,Duke University,"Duke University is a private institution that was founded in 1838. It has a total undergraduate enrollment of 6,883 (fall 2021), its setting is suburban, and the campus size is 8,693 acres. It utilizes a semester-based academic calendar. Duke University's ranking in the 2022-2023 edition of Best Colleges is National Universities, #10. Its tuition and fees are $63,054.Durham, North Carolina, which surrounds Duke's campus, offers a variety of activities including shopping, dining and entertainment. Its ""Bull City"" nickname comes from the Blackwell Tobacco Company's Bull Durham Tobacco. Students at Duke are required to live on campus for their first three years, and freshmen live together on the East Campus. The Duke Blue Devils maintain a fierce rivalry with the University of North Carolina—Chapel Hill Tar Heels and are best known for their outstanding men's basketball program, which is one of the top five most wins all-time college basketball programs in the country. There are more than 700 student groups at Duke University, including fraternities and sororities, sports clubs, and organizations for a variety of other interests.Duke University is divided into 10 schools and colleges, many of which serve both undergraduate and graduate students. Its graduate programs include the highly ranked Fuqua School of Business, Pratt School of Engineering, School of Law, School of Medicine, Sanford School of Public Policy and School of Nursing. Duke also offers graduate programs through its well-respected Divinity School and Nicholas School of the Environment. Duke's most esteemed undergraduate scholarship, the Robertson Scholars Leadership Program, is offered to students at both Duke University and the University of North Carolina—Chapel Hill. It provides about 18 students from each class with a four-year scholarship and the opportunity for unique academic and extracurricular opportunities at both universities. Notable alumni include Melinda Gates, co-founder of the Bill and Melinda Gates Foundation; former NBA player Carlos Boozer; and former U.S. Congressman and three-time presidential candidate Ron Paul.READ MORE ","Private, Coed",1838,None,Semester,Suburban,(919) 684-2724,http://www.duke.edu/
